Workbook

Sheet Máy móc, thiết bị
A1: CHI PHÍ MÁY MÓC/ TRANG THIẾT BỊ
A2: STT | B2: Tên máy | C2: Giá cả | D2: Số lượng | E2: Tổng tiền
A3: 1 | B3: Thùng lên men inox (100L) | C3: 1520000 | D3: 10 | E3: =C3*D3 -> 15200000
A4: 2 | B4: Máy ép trái cây | C4: 5400000 | D4: 10 | E4: =C4*D4 -> 54000000
A5: 3 | B5: Máy chiết rót và đóng nắp | C5: 3490000 | D5: 10 | E5: =C5*D5 -> 34900000
A6: 4 | B6: Tủ mát bảo quản | C6: 9200000 | D6: 10 | E6: =C6*D6 -> 92000000
A7: 5 | B7: Thiết bị đo PH nhiệt độ | C7: 890000 | D7: 20 | E7: =C7*D7 -> 17800000
A8: 6 | B8: Van khí, ống dẫn, đồng hộ đo áp | C8: 84000 | D8: 30 | E8: =C8*D8 -> 2520000
A9: 7 | B9: Bình C02, khí nén | C9: 150000 | D9: 30 | E9: =C9*D9 -> 4500000
A10: 8 | B10: Bàn inox, kệ, thùng chứa | C10: 1650000 | D10: 20 | E10: =C10*D10 -> 33000000
A11: 9 | B11: Bộ lộc cặn | C11: 1290000 | D11: 20 | E11: =C11*D11 -> 25800000
A12: 10 | B12: Thiết bị khác (Bảng hiệu, đèn LED, pano,...) | C12: 3200000 | E12: 3200000
A13: TỔNG | E13: =SUM(E3:E12) -> 282920000

Sheet Chi Phí mặt bằng
A1: Chi phí mặt bằng
A2: Mặt bằng: 4X37+V52, Trị An, Vĩnh Cửu, Đồng Nai, Việt Nam | D2: Tiền thuê hàng tháng | E2: Tiền đặt cọc
D3: VNĐ | E3: 3 tháng
A4: Phương thức thanh toán | C4: Diện tích: 700m2
C5: Hàng tháng | D5: 15000000 | E5: =D5*3 -> 45000000

Sheet Chi phí vật liệu
A1: CHI PHÍ NGUYÊN VẬT LIỆU
A2: STT | B2: Nguyên liệu | C2: Đơn vị | D2: Số lượng/tháng | E2: Đơn giá | F2: Thành tiền
A3: 1 | B3: Trái cây tươi | C3: kg | D3: 2000 | E3: 30000 | F3: =(D3*E3) -> 60000000
A4: 2 | B4: Đường/mật ong | C4: kg/lít | D4: 1000 | E4: 25000 | F4: =(D4*E4) -> 25000000
A5: 3 | B5: Men bia trái cây | C5: gam | D5: 2000 | E5: 23000 | F5: =(D5*E5) -> 46000000
A6: 4 | B6: Nước tinh khiết | C6: lít | D6: 1650 | E6: 2000 | F6: =(D6*E6) -> 3300000
A7: 5 | B7: Chốt ổn định | C7: gam | D7: 1600 | E7: 15000 | F7: =(D7*E7) -> 24000000
A8: 6 | B8: Đường tạo ga | C8: kg | D8: 150 | E8: 20000 | F8: =(D8*E8) -> 3000000
A9: 7 | B9: Ga CO2 | C9: kg | D9: 0.2 | E9: 150000 | F9: =(D9*E9) -> 30000
A10: Tổng chi phí 1 tháng | F10: =SUM(F3:F9) -> 161330000
A11: Giả sử bán 1000 sản phẩm/ngày

Sheet Nhân sự, bao bì
A1: CHI PHÍ NHÂN SỰ
A2: STT | B2: VỊ TRÍ CÔNG VIỆC | C2: LƯƠNG/ THÁNG | D2: SỐ LƯỢNG | E2: THÀNH TIỀN
A3: 1 | B3: Quản lí dự án | C3: 15000000 | D3: 1 | E3: =C3*D3 -> 15000000
A4: 2 | B4: Kỹ thuật viên lên men | C4: 8000000 | D4: 4 | E4: =C4*D4 -> 32000000
A5: 3 | B5: Nhân viên nhà máy | C5: 5000000 | D5: 7 | E5: =C5*D5 -> 35000000
A6: 4 | B6: Nhân viên bán hàng | C6: 5000000 | D6: 2 | E6: =C6*D6 -> 10000000
A7: 5 | B7: Nhân viên thu ngân | C7: 5000000 | D7: 2 | E7: =C7*D7 -> 10000000
A8: 6 | B8: Nhân viên bảo vệ | C8: 4000000 | D8: 1 | E8: =C8*D8 -> 4000000
B9: CHI PHÍ NHÂN SỰ (THÁNG) | D9: =SUM(D3:D8) -> 17 | E9: =SUM(E3:E8) -> 106000000
A11: BAO BÌ
A12: TÊN BAO BÌ | B12: GIÁ TIỀN | C12: ĐƠN VỊ TÍNH | D12: SL TỐI THIỂU | E12: THÀNH TIỀN
A13: Chai thuỷ tinh (450ml) | B13: 3000 | C13: Cái | D13: 5000 | E13: =B13*D13 -> 15000000
A14: Lon (330ml) | B14: 2000 | C14: Cái | D14: 15000 | E14: =B14*D14 -> 30000000
A15: Tem-nhãn in | B15: 800 | C15: Cái | D15: 20000 | E15: =B15*D15 -> 16000000
A16: Nắp chai | B16: 500 | C16: Cái | D16: 5000 | E16: =B16*D16 -> 2500000
A17: Màng co bảo vệ | B17: 500 | C17: Cái | D17: 5000 | E17: =B17*D17 -> 2500000
A18: Thùng giấy | B18: 1000 | C18: Cái | D18: 500 | E18: =B18*D18 -> 500000
A19: Khay nhựa | B19: 35000 | C19: Cái | D19: 250 | E19: =B19*D19 -> 8750000
B20: TỔNG | E20: =SUM(E13:E19) -> 75250000

Sheet Chi phí quảng cáo
A1: CHI PHÍ QUẢNG CÁO / THÁNG
A2: STT | B2: KÊNH PHÂN PHỐI | C2: GIÁ TIỀN (VND) | D2: YÊU CẦU
A3: 1 | B3: Mạng xã hội (Facebook/Meta, Zalo, Google) | C3: 3000000 | D3: tiếp cận khoảng từ 80.000 đến 200.000 người/tháng
A4: 2 | B4: Tờ rơi, banner khai trương, standee | C4: 500000 | D4: tiếp cận khoảng từ 3.000 đến 5.000 người/tháng
B5: Tổng | C5: =SUM(C3:C4) -> 3500000

Sheet Giá thành
A1: Chi phí 1 tháng
A2: Sản lượng sp/tháng | C2: 25000
A3: Chi phí | B3: Cấu trúc chi phí | C3: Thành tiền (VNĐ)/tháng
A4: Bao bì và nhãn mác | B4: =C4*100/C11 -> 19.687305 | C4: ='Nhân sự, bao bì'!E20 -> 75250000
A5: Thuê mặt bằng | B5: =C5*100/C11 -> 3.9243798 | C5: ='Chi Phí mặt bằng'!D5 -> 15000000
A6: Khấu hao máy móc thiết bị, cơ sở hạ tầng | B6: =C6*100/C11 -> 3.7009518 | C6: ='Máy móc, thiết bị'!E13*5% -> 14146000
A7: Nguyên vật liệu | B7: =C7*100/C11 -> 42.208013 | C7: ='Chi phí vật liệu'!F10 -> 161330000
A8: Marketing | B8: =C8*100/C11 -> 0.91568862 | C8: ='Chi phí quảng cáo'!C5 -> 3500000
A9: Chi phí lương | B9: =C9*100/C11 -> 27.732284 | C9: ='Nhân sự, bao bì'!E9 -> 106000000
A10: Chí phí điện, nước và chi phí khác | B10: =C10*100/C11 -> 1.8313772 | C10: ='Chi phí vốn'!C9 -> 7000000
A11: Tổng chi phí vốn 1 tháng | C11: =SUM(C4:C10) -> 382226000
A12: Giá vốn 1 phần | C12: =C11/C2 -> 15289.04
A13: Chiết khấu | C13: =C12*0.1 -> 1528.904
A14: Lợi nhuận | C14: =C12*40% -> 6115.616
A15: Giá bán ra | C15: =SUM(C12:C14) -> 22933.56
A16: Giá làm tròn | C16: 40000 | D16: Lon 330ml | E16: Hương vị: xoài, dâu, chanh dây =>Đồng giá
C17: 30000 | D17: Chai 450ml

Sheet Chi phí vốn
A1: Chi phí vốn ban đầu
A2: stt | B2: Cấu trúc chi phí | C2: Thành tiền (VND)
A3: 1 | B3: Nguyên vật liệu | C3: ='Chi phí vật liệu'!F10 -> 161330000
A4: 2 | B4: Nhân công | C4: ='Nhân sự, bao bì'!E9 -> 106000000
A5: 3 | B5: Mặt bằng | C5: ='Chi Phí mặt bằng'!E5 -> 45000000
A6: 4 | B6: Máy móc thiết bị | C6: ='Máy móc, thiết bị'!E13 -> 282920000
A7: 5 | B7: Bao bì | C7: ='Nhân sự, bao bì'!E20 -> 75250000
A8: 6 | B8: Marketing | C8: ='Chi phí quảng cáo'!C5 -> 3500000
A9: 7 | B9: Điện nước | C9: 7000000
B10: Tổng vốn đầu tư ban đầu | C10: =C3+C4+C5+C6+C7+C8+C9 -> 681000000
B12: STT | C12: Thành viên | D12: Vị trí | E12: Vốn góp
B13: 1 | C13: Nguyễn Huyện Anh Khang | D13: Trưởng dự án, quản lý thị trường, ngân sách | E13: 200000000
B14: 2 | C14: Huỳnh Trần Gia Bảo | D14: Quản Lý nguồn cung cấp, tuyển dụng | E14: 200000000
B15: 3 | C15: Tô Đình Trí | D15: Quản Lý nhân sự | E15: 200000000
B16: 4 | C16: Phạm Bảo Phúc | D16: Quản lý thu mua | E16: 100000000

Sheet Hoà vốn
A1: Lợi nhuận trong 1 tháng
A2: Chi phí cố định | B2: ='Giá thành'!C5+'Máy móc, thiết bị'!E13+'Giá thành'!C8+'Giá thành'!C9+'Giá thành'!C10 -> 414420000
A3: Chi phí biến đổi | B3: ='Giá thành'!C4+'Giá thành'!C7 -> 236580000
A4: Doanh thu | B4: ='Giá thành'!C16*'Giá thành'!C2 -> 1000000000
A5: Tổng lợi nhuận trong 1 tháng | B5: =B4-B3-B2 -> 349000000
A6: Điểm hòa vốn trong tháng thứ 1 | B6: =B2/(B4-B3) -> 0.54284666

Sheet Sheet1
A1: Giá bán một sản phẩm
A2: Xoài | B2: Dâu | C2: Chanh Dây
A3: 27.000đ/Lon 330ml | D3: 540.000đ/thùng 20 lon
A4: 30.000đ/Chai 330ml | D4: 180.000đ/khay 6 chai

Sheet Sheet2
D2: Tài chính dự kiến
C4: Năm 1 | D4: Năm 2 | E4: Năm 3 | F4: Năm 4 | G4: Năm 5
B5: Doanh Thu | C5: 9.72 | D5: =C5*2 -> 19.44 | E5: =D5*2 -> 38.88 | F5: =E5*2 -> 77.76 | G5: =F5*2 -> 155.52
B6: Chi Phí | C6: 6.46 | D6: =C6*2 -> 12.92 | E6: =D6*2 -> 25.84 | F6: =E6*2 -> 51.68 | G6: =F6*2 -> 103.36
C7: =C5-C6 -> 3.26 | D7: =D5-D6 -> 6.52 | E7: =E5-E6 -> 13.04 | F7: =F5-F6 -> 26.08 | G7: =G5-G6 -> 52.16
